epoch,time,train/box_loss,train/cls_loss,train/dfl_loss,metrics/precision(B),metrics/recall(B),metrics/mAP50(B),metrics/mAP50-95(B),val/box_loss,val/cls_loss,val/dfl_loss,lr/pg0,lr/pg1,lr/pg2
1,50.7988,4.04883,5.94237,4.20966,0,0,0,0,4.11394,5.04314,4.16869,0.00329932,0.00329932,0.00329932
2,100.872,2.83745,3.83804,2.97211,0.1535,0.06636,0.02019,0.00588,2.37219,13.895,2.64424,0.00662828,0.00662828,0.00662828
