epoch,time,train/box_loss,train/cls_loss,train/dfl_loss,metrics/precision(B),metrics/recall(B),metrics/mAP50(B),metrics/mAP50-95(B),val/box_loss,val/cls_loss,val/dfl_loss,lr/pg0,lr/pg1,lr/pg2
1,49.2474,4.09673,5.88892,4.25233,0,0,0,0,4.12709,5.04098,4.16769,0.00329932,0.00329932,0.00329932
2,99.3275,2.8189,3.81656,2.93864,0.35183,0.07465,0.02266,0.00802,2.27853,3.70208,2.51165,0.00662828,0.00662828,0.00662828
3,148.486,2.18411,2.74158,2.13742,0.12673,0.30177,0.137,0.05428,1.94209,2.23667,2.05154,0.00995283,0.00995283,0.00995283
4,197.44,1.91374,2.23709,1.88331,0.21142,0.29881,0.17712,0.07718,1.93536,2.1573,2.05771,0.0099802,0.0099802,0.0099802
